family,model,baseline,paired_seeds,delta_ap_points,ap_delta_ci_low_points,ap_delta_ci_high_points,ap_dz,ap_p,delta_ap50_points,ap50_delta_ci_low_points,ap50_delta_ci_high_points,ap50_dz,ap50_p,ap_holm_p,ap_significance,ap50_holm_p,ap50_significance
RTMDet,RTM-RDF-PMFR-DINO,RTM-Base,5,6.86,5.337758424,8.382241576,5.595573766,0.0002347260682,7.04,5.633572281,8.446427719,6.215260429,0.0001554284765,0.002347260682,**,0.001554284765,**
RTMDet,RTM-RDF-GLR-DINO,RTM-Base,5,7.24,5.610153412,8.869846588,5.51564019,0.0002483300481,6.82,5.216858381,8.423141619,5.282221089,0.0002940840019,0.002347260682,**,0.002646756017,**
RTMDet,RTM-RDF-FUF-DINO,RTM-Base,5,7.2,4.801948504,9.598051496,3.728018686,0.001131727915,6.8,5.134132937,8.465867063,5.068420749,0.0003455485153,0.007420388594,**,0.002764388123,**
RTMDet,RTM-RDF-LLR-CSP,RTM-Base,5,2.12,0.6212338879,3.618766112,1.75632986,0.01714231936,3.04,1.159791047,4.920208953,2.007573971,0.01091358006,0.08571159682,ns,0.04365432022,*
RTMDet,RTM-RDF-LLR-DINO,RTM-Base,5,6.66,5.034889971,8.285110029,5.088567592,0.0003402440044,6.06,4.444404748,7.675595252,4.657406502,0.0004801755562,0.002721952035,**,0.003361228893,**
RTMDet,RTM-DINO,RTM-Base,5,1.14,-0.1551454278,2.435145428,1.092925109,0.07091313543,0.22,-1.004157285,1.444157285,0.2231462271,0.643993938,0.2836525417,ns,1,ns
RTMDet,RTM-DINO-Opt,RTM-Base,5,6.84,4.600525505,9.079474495,3.792399408,0.001060055513,6.06,4.406674147,7.713325853,4.551119681,0.0005251533834,0.007420388594,**,0.003361228893,**
RTMDet,RTM-DINO-Opt-WD0,RTM-Base,5,1.02,-0.7081001161,2.748100116,0.7328842041,0.1766020508,0.2,-1.40458351,1.80458351,0.1547646465,0.7467302998,0.3087968016,ns,1,ns
RTMDet,RTM-Focal,RTM-Base,5,-1.22,-2.974660588,0.5346605884,-0.8633180045,0.1257520691,-1.38,-3.076587442,0.3165874417,-1.009966404,0.08683847674,0.3087968016,ns,0.2605154302,ns
RTMDet,RTM-FPN,RTM-Base,5,1.56,-0.4964444986,3.616444499,0.9419149598,0.1029322672,2.9,1.58301645,4.21698355,2.734146221,0.003623917221,0.3087968016,ns,0.0181195861,*
YOLOX,YOLOX-RDF-LLR-DINO,YOLOX-Base,5,15.64,14.2118165,17.0681835,13.59742984,6.970412814e-06,12.68,10.83957079,14.52042921,8.554688988,4.400712303e-05,2.091123844e-05,***,0.0001320213691,***
YOLOX,YOLOX-DINO,YOLOX-Base,5,15.42,14.55795962,16.28204038,22.21062883,9.8354654e-07,12.62,11.02408737,14.21591263,9.818707746,2.546896286e-05,3.93418616e-06,***,0.0001018758514,***
YOLOX,YOLOX-GIoU,YOLOX-Base,5,-0.66,-3.658817781,2.338817781,-0.2732737694,0.5741801435,0.4,-2.232503377,3.032503377,0.1886666523,0.6948049459,0.5741801435,ns,0.6948049459,ns
YOLOX,YOLOX-CSPPAFPN,YOLOX-Base,5,4.22,1.652125976,6.787874024,2.040529256,0.01031720951,1.5,-1.27366727,4.27366727,0.6714922216,0.2076311387,0.02063441903,*,0.4152622774,ns
Faster R-CNN,FRCNN-DINO-Neck,FRCNN-Base,5,19.08,17.97848236,20.18151764,21.50755312,1.118398159e-06,17.3,15.60432153,18.99567847,12.66796005,9.242399446e-06,3.355194478e-06,***,2.772719834e-05,***
Faster R-CNN,FRCNN-DINO,FRCNN-Base,5,20,18.5100032,21.4899968,16.66666667,3.095526321e-06,17.04,14.77145575,19.30854425,9.326665997,3.123761249e-05,6.191052641e-06,***,6.247522497e-05,***
Faster R-CNN,FRCNN-Neck,FRCNN-Base,5,-10.72,-18.06021936,-3.379780637,-1.813384233,0.01541395943,-12.76,-21.82440232,-3.69559768,-1.747896007,0.01741714395,0.01541395943,*,0.01741714395,*
