model,family,config,runs,ap,ap_std,ap_ci_low,ap_ci_high,ap50,ap50_std,delta_ap_points,final_ap,final_ap50,ap_gap_points,ap50_gap_points
RTM-RDF-GLR-DINO,RTMDet,rtmdet_l_fire_4c_innov_dualpath_globalgate_dinov3.py,5,0.6352,0.003563705936,0.6307750746,0.6396249254,0.929,0.004,7.24,0.6334,0.9238,0.18,0.52
RTM-RDF-FUF-DINO,RTMDet,rtmdet_l_fire_4c_innov_dualpath_nogate_dinov3.py,5,0.6348,0.007726577509,0.6252061869,0.6443938131,0.9288,0.003701351105,7.2,0.6332,0.9278,0.16,0.1
RTM-RDF-PMFR-DINO,RTMDet,rtmdet_l_fire_4c_innov_dualpath_frozengate_parammatch_dinov3.py,5,0.6314,0.005899152482,0.6240752347,0.6387247653,0.9312,0.007854934755,6.86,0.6298,0.9214,0.16,0.98
RTM-DINO-Opt,RTMDet,rtmdet_l_fire_4c_var_backbone_dinov3_opt_backbone_lr01.py,5,0.6312,0.006379655163,0.6232786119,0.6391213881,0.9214,0.005899152482,6.84,0.63,0.9212,0.12,0.02
RTM-RDF-LLR-DINO,RTMDet,rtmdet_l_fire_4c_innov_gated_dualneck_dinov3.py,5,0.6294,0.005412947441,0.622678938,0.636121062,0.9214,0.004449719092,6.66,0.627,0.9152,0.24,0.62
RTM-RDF-LLR-CSP,RTMDet,rtmdet_l_fire_4c_innov_gated_dualneck_cspnext.py,5,0.584,0.004301162634,0.5786594012,0.5893405988,0.8912,0.006058052492,2.12,0.5828,0.8912,0.12,0
RTM-FPN,RTMDet,rtmdet_l_fire_4c_var_neck_fpn.py,5,0.5784,0.003847076812,0.5736232232,0.5831767768,0.8898,0.004266145802,1.56,0.5778,0.8898,0.06,0
RTM-DINO,RTMDet,rtmdet_l_fire_4c_var_backbone_dinov3.py,5,0.5742,0.006300793601,0.5663765314,0.5820234686,0.863,0.005958187644,1.14,0.5592,0.8528,1.5,1.02
RTM-DINO-Opt-WD0,RTMDet,rtmdet_l_fire_4c_var_backbone_dinov3_opt_backbone_wd0.py,5,0.573,0.003240370349,0.5689765488,0.5770234512,0.8628,0.003962322551,1.02,0.562,0.8554,1.1,0.74
RTM-Base,RTMDet,rtmdet_l_fire_4c_std.py,5,0.5628,0.01454991409,0.5447338955,0.5808661045,0.8608,0.01267675037,0,0.5628,0.8608,0,0
RTM-Focal,RTMDet,rtmdet_l_fire_4c_var_loss_focal.py,5,0.5506,0.004878524367,0.5445425119,0.5566574881,0.847,0.006363961031,-1.22,0.55,0.8466,0.06,0.04
YOLOX-RDF-LLR-DINO,YOLOX,yolox_l_fire_4c_innov_gated_dualneck_dinov3.py,5,0.624,0.00514781507,0.6176081434,0.6303918566,0.9314,0.00823407554,15.64,0.6192,0.899,0.48,3.24
YOLOX-DINO,YOLOX,yolox_l_fire_4c_var_backbone_dinov3.py,5,0.6218,0.009011104261,0.6106112363,0.6329887637,0.9308,0.00668580586,15.42,0.6198,0.8978,0.2,3.3
YOLOX-CSPPAFPN,YOLOX,yolox_l_fire_4c_var_neck_cspnextpafpn.py,5,0.5098,0.01047377678,0.4967950884,0.5228049116,0.8196,0.009736529156,4.22,0.5098,0.8196,0,0
YOLOX-Base,YOLOX,yolox_l_fire_4c_std.py,5,0.4676,0.01169615321,0.4530773076,0.4821226924,0.8046,0.01418802312,0,0.4676,0.8046,0,0
YOLOX-GIoU,YOLOX,yolox_l_fire_4c_var_loss_giou.py,5,0.461,0.01915724406,0.4372131397,0.4847868603,0.8086,0.01919114379,-0.66,0.461,0.8086,0,0
FRCNN-DINO,Faster R-CNN,faster_rcnn_fire_4c_plus_dino.py,5,0.5864,0.006188699379,0.5787157148,0.5940842852,0.9072,0.01505656003,20,0.5728,0.876,1.36,3.12
FRCNN-DINO-Neck,Faster R-CNN,faster_rcnn_fire_4c_plus_both.py,5,0.5772,0.006978538529,0.5685349999,0.5858650001,0.9098,0.01325518766,19.08,0.5542,0.858,2.3,5.18
FRCNN-Base,Faster R-CNN,faster_rcnn_fire_4c_baseline.py,5,0.3864,0.009316651759,0.3748318489,0.3979681511,0.7368,0.00438178046,0,0.3578,0.6724,2.86,6.44
FRCNN-Neck,Faster R-CNN,faster_rcnn_fire_4c_plus_neck.py,5,0.2792,0.05715505227,0.2082326293,0.3501673707,0.6092,0.071356149,-10.72,0.2678,0.5798,1.14,2.94
